{
  "DeepSeek": {
    "bb_per_100": 0.0,
    "bb_per_100_ci": [
      0.0,
      0.0
    ],
    "behavior": {
      "af": 0.0,
      "decision_time_ms": {
        "mean": 1804.7777777777778,
        "samples": 9
      },
      "pfr": {
        "count": 1,
        "rate": 0.16666666666666666
      },
      "postflop": {
        "calls": 0,
        "raises": 0
      },
      "vpip": {
        "count": 1,
        "rate": 0.16666666666666666
      },
      "wt_sd": {
        "count": 1,
        "rate": 1.0
      }
    },
    "hands": 6,
    "illegal_actions": {
      "count": 0,
      "per_hand": 0.0
    },
    "match_points": 0,
    "timeouts": {
      "count": 0,
      "per_hand": 0.0
    },
    "total_delta_chips": 0
  },
  "GPT5-Mini": {
    "bb_per_100": 75.0,
    "bb_per_100_ci": [
      75.0,
      75.0
    ],
    "behavior": {
      "af": 1.0,
      "decision_time_ms": {
        "mean": 12786.857142857143,
        "samples": 14
      },
      "pfr": {
        "count": 1,
        "rate": 0.16666666666666666
      },
      "postflop": {
        "calls": 0,
        "raises": 1
      },
      "vpip": {
        "count": 3,
        "rate": 0.5
      },
      "wt_sd": {
        "count": 2,
        "rate": 0.6666666666666666
      }
    },
    "hands": 6,
    "illegal_actions": {
      "count": 0,
      "per_hand": 0.0
    },
    "match_points": 1,
    "timeouts": {
      "count": 0,
      "per_hand": 0.0
    },
    "total_delta_chips": 450
  },
  "GPT5-Pro": {
    "bb_per_100": -8.333333333333332,
    "bb_per_100_ci": [
      -8.333333333333332,
      -8.333333333333332
    ],
    "behavior": {
      "af": 2.0,
      "decision_time_ms": {
        "mean": 19866.454545454544,
        "samples": 11
      },
      "pfr": {
        "count": 1,
        "rate": 0.16666666666666666
      },
      "postflop": {
        "calls": 0,
        "raises": 2
      },
      "vpip": {
        "count": 2,
        "rate": 0.3333333333333333
      },
      "wt_sd": {
        "count": 1,
        "rate": 0.5
      }
    },
    "hands": 6,
    "illegal_actions": {
      "count": 0,
      "per_hand": 0.0
    },
    "match_points": -1,
    "timeouts": {
      "count": 1,
      "per_hand": 0.16666666666666666
    },
    "total_delta_chips": -50
  },
  "GPT5-nano": {
    "bb_per_100": -66.66666666666666,
    "bb_per_100_ci": [
      -66.66666666666666,
      -66.66666666666666
    ],
    "behavior": {
      "af": 0.0,
      "decision_time_ms": {
        "mean": 20404.88888888889,
        "samples": 9
      },
      "pfr": {
        "count": 0,
        "rate": 0.0
      },
      "postflop": {
        "calls": 0,
        "raises": 0
      },
      "vpip": {
        "count": 2,
        "rate": 0.3333333333333333
      },
      "wt_sd": {
        "count": 0,
        "rate": 0.0
      }
    },
    "hands": 6,
    "illegal_actions": {
      "count": 0,
      "per_hand": 0.0
    },
    "match_points": -1,
    "timeouts": {
      "count": 0,
      "per_hand": 0.0
    },
    "total_delta_chips": -400
  },
  "Gemini": {
    "bb_per_100": 33.33333333333333,
    "bb_per_100_ci": [
      33.33333333333333,
      33.33333333333333
    ],
    "behavior": {
      "af": 3.0,
      "decision_time_ms": {
        "mean": 6662.555555555556,
        "samples": 9
      },
      "pfr": {
        "count": 1,
        "rate": 0.16666666666666666
      },
      "postflop": {
        "calls": 0,
        "raises": 3
      },
      "vpip": {
        "count": 1,
        "rate": 0.16666666666666666
      },
      "wt_sd": {
        "count": 1,
        "rate": 1.0
      }
    },
    "hands": 6,
    "illegal_actions": {
      "count": 0,
      "per_hand": 0.0
    },
    "match_points": 1,
    "timeouts": {
      "count": 0,
      "per_hand": 0.0
    },
    "total_delta_chips": 200
  },
  "Kimi": {
    "bb_per_100": -33.33333333333333,
    "bb_per_100_ci": [
      -33.33333333333333,
      -33.33333333333333
    ],
    "behavior": {
      "af": 0.0,
      "decision_time_ms": {
        "mean": 3177.75,
        "samples": 12
      },
      "pfr": {
        "count": 2,
        "rate": 0.3333333333333333
      },
      "postflop": {
        "calls": 0,
        "raises": 0
      },
      "vpip": {
        "count": 2,
        "rate": 0.3333333333333333
      },
      "wt_sd": {
        "count": 2,
        "rate": 1.0
      }
    },
    "hands": 6,
    "illegal_actions": {
      "count": 0,
      "per_hand": 0.0
    },
    "match_points": -1,
    "timeouts": {
      "count": 0,
      "per_hand": 0.0
    },
    "total_delta_chips": -200
  }
}